--Pessoa
INSERT INTO Pessoa (id, nome) VALUES (1, 'Andre');
INSERT INTO Pessoa (id, nome) VALUES (2, 'Joao');
INSERT INTO Pessoa (id, nome) VALUES (3, 'Jose');
INSERT INTO Pessoa (id, nome) VALUES (4, 'Antonio');
INSERT INTO Pessoa (id, nome) VALUES (5, 'Paulo');
INSERT INTO Pessoa (id, nome) VALUES (6, 'Camila');
INSERT INTO Pessoa (id, nome) VALUES (7, 'Romulo');
INSERT INTO Pessoa (id, nome) VALUES (8, 'Luli');
INSERT INTO Pessoa (id, nome) VALUES (9, 'Wilker');
INSERT INTO Pessoa (id, nome) VALUES (10, 'Helton');
INSERT INTO Pessoa (id, nome) VALUES (11, 'Diego');
INSERT INTO Pessoa (id, nome) VALUES (12, 'Pedro');
INSERT INTO Pessoa (id, nome) VALUES (13, 'Ryan');
INSERT INTO Pessoa (id, nome) VALUES (14, 'Lucas');
INSERT INTO Pessoa (id, nome) VALUES (15, 'Iago');
INSERT INTO Pessoa (id, nome) VALUES (16, 'Marcelo');
INSERT INTO Pessoa (id, nome) VALUES (17, 'Cauã');
INSERT INTO Pessoa (id, nome) VALUES (18, 'Vitor');
INSERT INTO Pessoa (id, nome) VALUES (19, 'Felipe');
INSERT INTO Pessoa (id, nome) VALUES (20, 'Bryan');
INSERT INTO Pessoa (id, nome) VALUES (21, 'Isabella');
INSERT INTO Pessoa (id, nome) VALUES (22, 'Nicole');
INSERT INTO Pessoa (id, nome) VALUES (23, 'Mariah');
INSERT INTO Pessoa (id, nome) VALUES (24, 'Elisa');
INSERT INTO Pessoa (id, nome) VALUES (25, 'Luana');
INSERT INTO Pessoa (id, nome) VALUES (26, 'Lorena');
INSERT INTO Pessoa (id, nome) VALUES (27, 'Bianca');
INSERT INTO Pessoa (id, nome) VALUES (28, 'Sophia');
INSERT INTO Pessoa (id, nome) VALUES (29, 'Laís');
INSERT INTO Pessoa (id, nome) VALUES (30, 'Daniel');
INSERT INTO Pessoa (id, nome) VALUES (31, 'Joaquim');
INSERT INTO Pessoa (id, nome) VALUES (32, 'Heitor');
INSERT INTO Pessoa (id, nome) VALUES (33, 'Juan');
INSERT INTO Pessoa (id, nome) VALUES (34, 'Felipe');
INSERT INTO Pessoa (id, nome) VALUES (35, 'Raquel');
INSERT INTO Pessoa (id, nome) VALUES (36, 'Alícia');
INSERT INTO Pessoa (id, nome) VALUES (37, 'Rebeca');
INSERT INTO Pessoa (id, nome) VALUES (38, 'Bárbara');
INSERT INTO Pessoa (id, nome) VALUES (39, 'Natália');
INSERT INTO Pessoa (id, nome) VALUES (40, 'Gabrielly');


--Endereço

INSERT INTO Endereco (ID_pessoa, cep, uf, logradouro) VALUES (1, '50610-150', 'PE', 'Rua Renato de Medeiros, 80, Recife');
INSERT INTO Endereco (ID_pessoa, cep, uf, logradouro) VALUES (2, '50630-050', 'PE', 'Rua Honório Correia, 123, Recife');
INSERT INTO Endereco (ID_pessoa, cep, uf, logradouro) VALUES (3, '05045-050', 'SP', 'Praça Alfredo Weiszflog, 0, São Paulo');
INSERT INTO Endereco (ID_pessoa, cep, uf, logradouro) VALUES (4, '15264-100', 'MG', 'Rua Alberto Barata, 754, Belo Horizonte');
INSERT INTO Endereco (ID_pessoa, cep, uf, logradouro) VALUES (5, '25552-150', 'PB', 'Avenida Gilberto Freyre, 1750, João Pessoa');
INSERT INTO Endereco (ID_pessoa, cep, uf, logradouro) VALUES (6, '32152-200', 'AL', 'Rua Marcelo Marmelo, 256, Maceió');
INSERT INTO Endereco (ID_pessoa, cep, uf, logradouro) VALUES (7, '50445-150', 'PE', 'Avenida Agamenon Maglhães, 2380, Recife');
INSERT INTO Endereco (ID_pessoa, cep, uf, logradouro) VALUES (8, '42510-300', 'BA', 'Rua João Albuquerque, 655, Salvador');
INSERT INTO Endereco (ID_pessoa, cep, uf, logradouro) VALUES (9, '60250-120', 'RN', 'Rua Mario Alberto, 879, Natal');
INSERT INTO Endereco (ID_pessoa, cep, uf, logradouro) VALUES (10, '55720-350', 'CE', 'Avenida Santos Dummont, 770, Fortaleza');
INSERT INTO Endereco (ID_pessoa, cep, uf, logradouro) VALUES (11, '44091-568', 'BA', 'Caminho 19, 976, Feira de Santana');
INSERT INTO Endereco (ID_pessoa, cep, uf, logradouro) VALUES (12, '29048-505', 'ES', 'Rua Coronel Bráulio Dória');
INSERT INTO Endereco (ID_pessoa, cep, uf, logradouro) VALUES (13, '70387-070', 'DF', 'Quadra SQS 316 Bloco G');
INSERT INTO Endereco (ID_pessoa, cep, uf, logradouro) VALUES (14, '51340-005', 'PE', 'Rua Alto do Eucalipto, 273');
INSERT INTO Endereco (ID_pessoa, cep, uf, logradouro) VALUES (15, '58037-572', 'PB', 'Rua Marino Oliveira Luna');
INSERT INTO Endereco (ID_pessoa, cep, uf, logradouro) VALUES (16, '74924-150', 'GO', 'Rua 15');
INSERT INTO Endereco (ID_pessoa, cep, uf, logradouro) VALUES (17, '97070-690', 'RS', 'Rua Valdemar Coimbra');
INSERT INTO Endereco (ID_pessoa, cep, uf, logradouro) VALUES (18, '13604-127', 'SP', 'Rua Augusto Lagazzi');
INSERT INTO Endereco (ID_pessoa, cep, uf, logradouro) VALUES (19, '13632-544', 'SP', 'Caminho das Garças');
INSERT INTO Endereco (ID_pessoa, cep, uf, logradouro) VALUES (20, '06040-350', 'SP', 'Rua Francesco Frare');
INSERT INTO Endereco (ID_pessoa, cep, uf, logradouro) VALUES (21, '95052-030', 'RS', 'Rua Alcides Lahm de Andrade');
INSERT INTO Endereco (ID_pessoa, cep, uf, logradouro) VALUES (22, '25525-515', 'RJ', 'Rua Pátio da Estação');
INSERT INTO Endereco (ID_pessoa, cep, uf, logradouro) VALUES (23, '88135-621', 'SC', 'Rua José Santana');
INSERT INTO Endereco (ID_pessoa, cep, uf, logradouro) VALUES (24, '45600-540', 'BA', 'Rua Campinas');
INSERT INTO Endereco (ID_pessoa, cep, uf, logradouro) VALUES (25, '84036-680', 'PR', 'Rua Professor Kamal Tebcherani');
INSERT INTO Endereco (ID_pessoa, cep, uf, logradouro) VALUES (26, '30810-194', 'MG', 'Beco do Campo');
INSERT INTO Endereco (ID_pessoa, cep, uf, logradouro) VALUES (27, '75704-460', 'GO', 'Rua C');
INSERT INTO Endereco (ID_pessoa, cep, uf, logradouro) VALUES (28, '13614-239', 'SP', 'Avenida José Antônio Fercem');
INSERT INTO Endereco (ID_pessoa, cep, uf, logradouro) VALUES (29, '25907-611', 'RJ', 'Avenida Mageense');
INSERT INTO Endereco (ID_pessoa, cep, uf, logradouro) VALUES (30, '08140-125', 'SP', 'Travessa Bom Jesus de Goiás');
INSERT INTO Endereco (ID_pessoa, cep, uf, logradouro) VALUES (31, '24722-005', 'RJ', 'Rua Zeferino Costa');
INSERT INTO Endereco (ID_pessoa, cep, uf, logradouro) VALUES (32, '07703-035', 'SP', 'Rua Pedro Berti');
INSERT INTO Endereco (ID_pessoa, cep, uf, logradouro) VALUES (33, '39550-972', 'MG', 'Avenida Liberdade 476');
INSERT INTO Endereco (ID_pessoa, cep, uf, logradouro) VALUES (34, '25275-180', 'RJ', 'Rua Nova Iguaçu');
INSERT INTO Endereco (ID_pessoa, cep, uf, logradouro) VALUES (35, '32675-314', 'MG', 'Rua Carlos da Silva');
INSERT INTO Endereco (ID_pessoa, cep, uf, logradouro) VALUES (36, '17532-046', 'SP', 'Avenida Vitória Régia');
INSERT INTO Endereco (ID_pessoa, cep, uf, logradouro) VALUES (37, '87105-116', 'PR', 'Rua 34.022');
INSERT INTO Endereco (ID_pessoa, cep, uf, logradouro) VALUES (38, '38035-393', 'MG', 'Rua Joana Maria de Jesus');
INSERT INTO Endereco (ID_pessoa, cep, uf, logradouro) VALUES (39, '11724-390', 'SP', 'Rua Solemar');
INSERT INTO Endereco (ID_pessoa, cep, uf, logradouro) VALUES (40, '13211-373', 'SP', 'Rua Alcindo Guanabara');

--Telefone
INSERT INTO Telefone (ID_pessoa, Telefone) VALUES (1, '(81)-98798-8558');
INSERT INTO Telefone (ID_pessoa, Telefone) VALUES (1, '(81)-3265-4898');
INSERT INTO Telefone (ID_pessoa, Telefone) VALUES (2, '(81)-99845-6578');
INSERT INTO Telefone (ID_pessoa, Telefone) VALUES (3, '(11)-98572-3459');
INSERT INTO Telefone (ID_pessoa, Telefone) VALUES (4, '(31)-93578-4236');
INSERT INTO Telefone (ID_pessoa, Telefone) VALUES (4, '(31)-3798-8875');
INSERT INTO Telefone (ID_pessoa, Telefone) VALUES (5, '(83)-3598-7452');
INSERT INTO Telefone (ID_pessoa, Telefone) VALUES (6, '(82)-97845-2468');
INSERT INTO Telefone (ID_pessoa, Telefone) VALUES (7, '(81)-97892-3265');
INSERT INTO Telefone (ID_pessoa, Telefone) VALUES (8, '(71)-98798-8558');
INSERT INTO Telefone (ID_pessoa, Telefone) VALUES (9, '(84)-91598-7840');
INSERT INTO Telefone (ID_pessoa, Telefone) VALUES (10, '(85)-90102-2543');
INSERT INTO Telefone (ID_pessoa, Telefone) VALUES (10, '(85)-3265-6568');
INSERT INTO Telefone (ID_pessoa, Telefone) VALUES (10, '(81)-9165-1848');
INSERT INTO Telefone (ID_pessoa, Telefone) VALUES (11, '(81)-6553-6366');
INSERT INTO Telefone (ID_pessoa, Telefone) VALUES (12, '(83)-5927-0392');
INSERT INTO Telefone (ID_pessoa, Telefone) VALUES (12, '(83)-9798-7465');
INSERT INTO Telefone (ID_pessoa, Telefone) VALUES (12, '(81)-7624-4262');
INSERT INTO Telefone (ID_pessoa, Telefone) VALUES (13, '(85)-4340-2560');
INSERT INTO Telefone (ID_pessoa, Telefone) VALUES (14, '(85)-3216-1036');
INSERT INTO Telefone (ID_pessoa, Telefone) VALUES (14, '(85)-4468-5247');
INSERT INTO Telefone (ID_pessoa, Telefone) VALUES (15, '(85)-4516-5742');
INSERT INTO Telefone (ID_pessoa, Telefone) VALUES (16, '(85)-6305-2112');
INSERT INTO Telefone (ID_pessoa, Telefone) VALUES (17, '(85)-7259-4424');
INSERT INTO Telefone (ID_pessoa, Telefone) VALUES (18, '(85)-3081-9334');
INSERT INTO Telefone (ID_pessoa, Telefone) VALUES (19, '(85)-2641-0402');
INSERT INTO Telefone (ID_pessoa, Telefone) VALUES (20, '(85)-8612-6434');
INSERT INTO Telefone (ID_pessoa, Telefone) VALUES (21, '(85)-1164-6699');
INSERT INTO Telefone (ID_pessoa, Telefone) VALUES (22, '(85)-3791-5690');
INSERT INTO Telefone (ID_pessoa, Telefone) VALUES (23, '(85)-1522-5909');
INSERT INTO Telefone (ID_pessoa, Telefone) VALUES (24, '(85)-5221-7068');
INSERT INTO Telefone (ID_pessoa, Telefone) VALUES (25, '(85)-6332-0071');
INSERT INTO Telefone (ID_pessoa, Telefone) VALUES (26, '(85)-4456-5194');
INSERT INTO Telefone (ID_pessoa, Telefone) VALUES (27, '(85)-9496-8700');
INSERT INTO Telefone (ID_pessoa, Telefone) VALUES (28, '(85)-7874-4411');
INSERT INTO Telefone (ID_pessoa, Telefone) VALUES (29, '(85)-3193-2113');
INSERT INTO Telefone (ID_pessoa, Telefone) VALUES (30, '(85)-4175-7209');
INSERT INTO Telefone (ID_pessoa, Telefone) VALUES (31, '(85)-8754-7378');
INSERT INTO Telefone (ID_pessoa, Telefone) VALUES (32, '(85)-5481-5071');
INSERT INTO Telefone (ID_pessoa, Telefone) VALUES (33, '(85)-6478-8783');
INSERT INTO Telefone (ID_pessoa, Telefone) VALUES (34, '(85)-3582-0955');
INSERT INTO Telefone (ID_pessoa, Telefone) VALUES (35, '(85)-5786-5205');
INSERT INTO Telefone (ID_pessoa, Telefone) VALUES (36, '(85)-7071-9971');
INSERT INTO Telefone (ID_pessoa, Telefone) VALUES (37, '(85)-8953-0204');
INSERT INTO Telefone (ID_pessoa, Telefone) VALUES (38, '(85)-7937-3362');
INSERT INTO Telefone (ID_pessoa, Telefone) VALUES (39, '(85)-7831-6037');
INSERT INTO Telefone (ID_pessoa, Telefone) VALUES (40, '(85)-5930-5022');

--Física 

INSERT INTO Fisica (ID, CPF) VALUES (1, '268.896.148-95');
INSERT INTO Fisica (ID, CPF) VALUES (2, '735.496.792-03');
INSERT INTO Fisica (ID, CPF) VALUES (3, '394.282.364-03');
INSERT INTO Fisica (ID, CPF) VALUES (4, '880.527.567-07');
INSERT INTO Fisica (ID, CPF) VALUES (5, '057.636.332-45');
INSERT INTO Fisica (ID, CPF) VALUES (6, '218.094.425-08');
INSERT INTO Fisica (ID, CPF) VALUES (7, '332.438.278-50');
INSERT INTO Fisica (ID, CPF) VALUES (8, '627.414.546-04');
INSERT INTO Fisica (ID, CPF) VALUES (9, '480.354.841-25');
INSERT INTO Fisica (ID, CPF) VALUES (10, '031.855.759-20');
INSERT INTO Fisica (ID, CPF) VALUES (11, '932.253.430-30');
INSERT INTO Fisica (ID, CPF) VALUES (12, '551.676.806-38');
INSERT INTO Fisica (ID, CPF) VALUES (13, '892.312.625-05');
INSERT INTO Fisica (ID, CPF) VALUES (14, '150.928.717-50');
INSERT INTO Fisica (ID, CPF) VALUES (15, '309.217.664-24');
INSERT INTO Fisica (ID, CPF) VALUES (16, '237.506.797-54');
INSERT INTO Fisica (ID, CPF) VALUES (17, '062.616.924-08');
INSERT INTO Fisica (ID, CPF) VALUES (18, '745.742.427-01');
INSERT INTO Fisica (ID, CPF) VALUES (19, '931.994.406-73');
INSERT INTO Fisica (ID, CPF) VALUES (20, '842.214.422-04');
INSERT INTO Fisica (ID, CPF) VALUES (21, '839.846.817-39');
INSERT INTO Fisica (ID, CPF) VALUES (22, '232.556.146-19');
INSERT INTO Fisica (ID, CPF) VALUES (23, '256.744.823-30');
INSERT INTO Fisica (ID, CPF) VALUES (24, '817.974.689-52');
INSERT INTO Fisica (ID, CPF) VALUES (25, '342.120.419-52');
INSERT INTO Fisica (ID, CPF) VALUES (26, '670.942.128-79');
INSERT INTO Fisica (ID, CPF) VALUES (27, '508.258.830-32');


--Funcionario

INSERT INTO Funcionario (id, cargo, salario, id_supervisor) VALUES (1, 'Gerente', 2500.00, NULL);
INSERT INTO Funcionario (id, cargo, salario, id_supervisor) VALUES (2, 'Vendedor', 1500.00, 1);
INSERT INTO Funcionario (id, cargo, salario, id_supervisor) VALUES (3, 'Vendedor', 1500.00, 5);
INSERT INTO Funcionario (id, cargo, salario, id_supervisor) VALUES (4, 'Vendedor', 1500.00, 1);
INSERT INTO Funcionario (id, cargo, salario, id_supervisor) VALUES (5, 'Gerente', 2500.00, NULL);
INSERT INTO Funcionario (id, cargo, salario, id_supervisor) VALUES (6, 'Vendedor', 1500.00, 5);
INSERT INTO Funcionario (id, cargo, salario, id_supervisor) VALUES (7, 'Vendedor', 1500.00, 1);
INSERT INTO Funcionario (id, cargo, salario, id_supervisor) VALUES (8, 'Vendedor', 1500.00, 5);
INSERT INTO Funcionario (id, cargo, salario, id_supervisor) VALUES (9, 'Carregador', 900.00, 5);
INSERT INTO Funcionario (id, cargo, salario, id_supervisor) VALUES (10, 'Carregador', 900.00, 1);
INSERT INTO Funcionario (id, cargo, salario, id_supervisor) VALUES (11, 'Seguranca', 1200.00, 5);
 

--Cliente 

INSERT INTO Cliente (id, PlacaCarro, id_funcionario) VALUES (12, 'DEF-456', 3);
INSERT INTO Cliente (id, PlacaCarro, id_funcionario) VALUES (13, 'DEF-789', 2);
INSERT INTO Cliente (id, PlacaCarro, id_funcionario) VALUES (14, 'POI-098', 4);
INSERT INTO Cliente (id, PlacaCarro, id_funcionario) VALUES (15, 'UYT-233', 2);
INSERT INTO Cliente (id, PlacaCarro, id_funcionario) VALUES (16, 'JHG-142', 4);
INSERT INTO Cliente (id, PlacaCarro, id_funcionario) VALUES (17, 'DDS-091', 3);
INSERT INTO Cliente (id, PlacaCarro, id_funcionario) VALUES (18, 'LDS-122', 3);
INSERT INTO Cliente (id, PlacaCarro, id_funcionario) VALUES (19, 'SAC-103', 2);
INSERT INTO Cliente (id, PlacaCarro, id_funcionario) VALUES (20, 'ABC-123', 4);

--Comerciante
INSERT INTO Comerciante (id, credito) VALUES (21, 10000.00);
INSERT INTO Comerciante (id, credito) VALUES (22, 15000.00);
INSERT INTO Comerciante (id, credito) VALUES (23, 150000.00);
INSERT INTO Comerciante (id, credito) VALUES (24, 0.00);
INSERT INTO Comerciante (id, credito) VALUES (25, 3040.20);
INSERT INTO Comerciante (id, credito) VALUES (26, 2222.22);
INSERT INTO Comerciante (id, credito) VALUES (27, 12345.67);
INSERT INTO Comerciante (id, credito) VALUES (28, 98765.47);

--Fornecedor 

INSERT INTO Fornecedor (id, cnpj) VALUES (29, '64.464.805/0001-79');
INSERT INTO Fornecedor (id, cnpj) VALUES (30, '37.901.433/0001-28');
INSERT INTO Fornecedor (id, cnpj) VALUES (31, '83.725.961/0001-90');
INSERT INTO Fornecedor (id, cnpj) VALUES (32, '99.173.167/0001-11');
INSERT INTO Fornecedor (id, cnpj) VALUES (33, '23.656.622/0001-78');
INSERT INTO Fornecedor (id, cnpj) VALUES (34, '25.826.114/0001-16');
INSERT INTO Fornecedor (id, cnpj) VALUES (35, '71.244.982/0001-05');
INSERT INTO Fornecedor (id, cnpj) VALUES (36, '11.385.156/0001-54');
INSERT INTO Fornecedor (id, cnpj) VALUES (37, '46.834.667/0001-90');
INSERT INTO Fornecedor (id, cnpj) VALUES (38, '62.389.486/0001-59');
INSERT INTO Fornecedor (id, cnpj) VALUES (39, '15.342.462/0001-64');
INSERT INTO Fornecedor (id, cnpj) VALUES (40, '89.555.374/0001-87');

--Produto

INSERT INTO Produto (id, nome, quantidade, valor, validade) VALUES (1, 'Caixa de Tomate', 100, 79.90, TO_DATE('15/02/2015'));
INSERT INTO Produto (id, nome, quantidade, valor, validade) VALUES (2, 'Caixa de Cebola', 100, 33.00, TO_DATE('15/02/2015'));
INSERT INTO Produto (id, nome, quantidade, valor, validade) VALUES (3, 'Caixa de Alface', 80, 120.00, TO_DATE('08/02/2015'));
INSERT INTO Produto (id, nome, quantidade, valor, validade) VALUES (4, 'Caixa de Laranja', 100, 75.55, TO_DATE('16/02/2015'));
INSERT INTO Produto (id, nome, quantidade, valor, validade) VALUES (5, 'Caixa de Maçã', 100, 80.00, TO_DATE('16/02/2015'));
INSERT INTO Produto (id, nome, quantidade, valor, validade) VALUES (6, 'Caixa de Batata', 100, 88.70, TO_DATE('15/02/2016'));
INSERT INTO Produto (id, nome, quantidade, valor, validade) VALUES (7, 'Caixa de Macaxeira', 100, 135.90, TO_DATE('15/02/2015'));
INSERT INTO Produto (id, nome, quantidade, valor, validade) VALUES (8, 'Caixa de Pão de Forma', 50, 160.00, TO_DATE('16/02/2015'));
INSERT INTO Produto (id, nome, quantidade, valor, validade) VALUES (9, 'Caixa de Arroz', 80, 198.70, TO_DATE('08/02/2016'));
INSERT INTO Produto (id, nome, quantidade, valor, validade) VALUES (10, 'Caixa de Macarrão', 80, 235.00, TO_DATE('12/02/2015'));
INSERT INTO Produto (id, nome, quantidade, valor, validade) VALUES (11, 'Caixa de Farinha de Trigo', 50, 80.00, TO_DATE('08/02/2016'));
INSERT INTO Produto (id, nome, quantidade, valor, validade) VALUES (12, 'Caixa de Farinha de Milho', 50, 87.25, TO_DATE('04/11/2016'));
INSERT INTO Produto (id, nome, quantidade, valor, validade) VALUES (13, 'Caixa de Farinha de Mandioca', 50, 92.70, TO_DATE('08/12/2016'));
INSERT INTO Produto (id, nome, quantidade, valor, validade) VALUES (14, 'Caixa de Rúcula', 80, 80.00, TO_DATE('08/02/2015'));
INSERT INTO Produto (id, nome, quantidade, valor, validade) VALUES (15, 'Caixa de Alho', 100, 50.00, TO_DATE('18/03/2015'));
INSERT INTO Produto (id, nome, quantidade, valor, validade) VALUES (16, 'Caixa de Abacate', 1000, 100.00, TO_DATE('15/07/2015'));
INSERT INTO Produto (id, nome, quantidade, valor, validade) VALUES (17, 'Caixa de Uva', 200, 65.00, TO_DATE('05/08/2015'));
INSERT INTO Produto (id, nome, quantidade, valor, validade) VALUES (18, 'Caixa de Banana', 500, 35.00, TO_DATE('25/02/2015'));
INSERT INTO Produto (id, nome, quantidade, valor, validade) VALUES (19, 'Caixa de Ameixa', 800, 38.00, TO_DATE('15/05/2015'));
INSERT INTO Produto (id, nome, quantidade, valor, validade) VALUES (20, 'Caixa de Castanha', 130, 78.27, TO_DATE('15/06/2015'));

--cliente_produto

INSERT INTO cliente_produto(id_produto, id_cliente) VALUES (11,12);
INSERT INTO cliente_produto(id_produto, id_cliente) VALUES (12,20);
INSERT INTO cliente_produto(id_produto, id_cliente) VALUES (13,12);
INSERT INTO cliente_produto(id_produto, id_cliente) VALUES (15,14);
INSERT INTO cliente_produto(id_produto, id_cliente) VALUES (16,20);
INSERT INTO cliente_produto(id_produto, id_cliente) VALUES (17,19);
INSERT INTO cliente_produto(id_produto, id_cliente) VALUES (11,20);
INSERT INTO cliente_produto(id_produto, id_cliente) VALUES (12,15);
INSERT INTO cliente_produto(id_produto, id_cliente) VALUES (13,17);
INSERT INTO cliente_produto(id_produto, id_cliente) VALUES (15,17);


--Xepa

INSERT INTO xepa (id, id_produto , id_cliente, desconto, periodo) VALUES (1, 11, 12, 5.00, TO_DATE('10/02/2015'));
INSERT INTO xepa (id, id_produto , id_cliente, desconto, periodo) VALUES (2, 12, 20, 4.00, TO_DATE('11/02/2015'));
INSERT INTO xepa (id, id_produto , id_cliente, desconto, periodo) VALUES (3, 13, 12, 7.50, TO_DATE('01/02/2015'));
INSERT INTO xepa (id, id_produto , id_cliente, desconto, periodo) VALUES (4, 15, 14, 5.00, TO_DATE('08/02/2015'));
INSERT INTO xepa (id, id_produto , id_cliente, desconto, periodo) VALUES (5, 16, 20, 5.00, TO_DATE('08/10/2015'));
INSERT INTO xepa (id, id_produto , id_cliente, desconto, periodo) VALUES (6, 17, 19, 4.00, TO_DATE('08/11/2015'));
INSERT INTO xepa (id, id_produto , id_cliente, desconto, periodo) VALUES (7, 11, 20, 3.00, TO_DATE('08/12/2015'));
INSERT INTO xepa (id, id_produto , id_cliente, desconto, periodo) VALUES (8, 12, 15, 6.00, TO_DATE('23/02/2015'));
INSERT INTO xepa (id, id_produto , id_cliente, desconto, periodo) VALUES (9, 13, 17, 8.00, TO_DATE('25/10/2015'));
INSERT INTO xepa (id, id_produto , id_cliente, desconto, periodo) VALUES (10, 15, 17, 2.00, TO_DATE('23/12/2015'));


--Lote 

INSERT INTO Lote (id, tempo, id_comerciante) VALUES (1, 500, 27);
INSERT INTO Lote (id, tempo, id_comerciante) VALUES (2, 600, 28);
INSERT INTO Lote (id, tempo, id_comerciante) VALUES (3, 10, 26);
INSERT INTO Lote (id, tempo, id_comerciante) VALUES (4, 900, 27);
INSERT INTO Lote (id, tempo, id_comerciante) VALUES (5, 800, 24);
INSERT INTO Lote (id, tempo, id_comerciante) VALUES (6, 650, 21);
INSERT INTO Lote (id, tempo, id_comerciante) VALUES (7, 603, 21);
INSERT INTO Lote (id, tempo, id_comerciante) VALUES (8, 630, 22);
INSERT INTO Lote (id, tempo, id_comerciante) VALUES (9, 980, 23);
INSERT INTO Lote (id, tempo, id_comerciante) VALUES (10, 120, 25);
INSERT INTO Lote (id, tempo, id_comerciante) VALUES (11, 123, 24);
INSERT INTO Lote (id, tempo, id_comerciante) VALUES (12, 231, 25);
INSERT INTO Lote (id, tempo, id_comerciante) VALUES (13, 631, 26);
INSERT INTO Lote (id, tempo, id_comerciante) VALUES (14, 321, 26);
INSERT INTO Lote (id, tempo, id_comerciante) VALUES (15, 543, 26);
INSERT INTO Lote (id, tempo, id_comerciante) VALUES (16, 929, 23);
INSERT INTO Lote (id, tempo, id_comerciante) VALUES (17, 383, 21);
INSERT INTO Lote (id, tempo, id_comerciante) VALUES (18, 213, 27);
INSERT INTO Lote (id, tempo, id_comerciante) VALUES (19, 312, 28);
INSERT INTO Lote (id, tempo, id_comerciante) VALUES (20, 623, 21);
INSERT INTO Lote (id, tempo, id_comerciante) VALUES (21, 350, 22);

--Fornece

INSERT INTO Fornece (id_comerciante, id_produto, id_fornecedor) VALUES (21, 1, 29);
INSERT INTO Fornece (id_comerciante, id_produto, id_fornecedor) VALUES (25, 5, 30);
INSERT INTO Fornece (id_comerciante, id_produto, id_fornecedor) VALUES (24, 6, 40);
INSERT INTO Fornece (id_comerciante, id_produto, id_fornecedor) VALUES (22, 7, 39);
INSERT INTO Fornece (id_comerciante, id_produto, id_fornecedor) VALUES (23, 8, 32);
INSERT INTO Fornece (id_comerciante, id_produto, id_fornecedor) VALUES (22, 9, 33);
INSERT INTO Fornece (id_comerciante, id_produto, id_fornecedor) VALUES (21, 10, 30);
INSERT INTO Fornece (id_comerciante, id_produto, id_fornecedor) VALUES (22, 15, 37);
INSERT INTO Fornece (id_comerciante, id_produto, id_fornecedor) VALUES (25, 1, 31);
INSERT INTO Fornece (id_comerciante, id_produto, id_fornecedor) VALUES (26, 15, 32);
INSERT INTO Fornece (id_comerciante, id_produto, id_fornecedor) VALUES (27, 16, 33);
INSERT INTO Fornece (id_comerciante, id_produto, id_fornecedor) VALUES (28, 17, 34);
INSERT INTO Fornece (id_comerciante, id_produto, id_fornecedor) VALUES (24, 18, 35);
INSERT INTO Fornece (id_comerciante, id_produto, id_fornecedor) VALUES (23, 18, 36);
INSERT INTO Fornece (id_comerciante, id_produto, id_fornecedor) VALUES (25, 18, 37);
INSERT INTO Fornece (id_comerciante, id_produto, id_fornecedor) VALUES (26, 19, 38);
INSERT INTO Fornece (id_comerciante, id_produto, id_fornecedor) VALUES (27, 20, 39);
INSERT INTO Fornece (id_comerciante, id_produto, id_fornecedor) VALUES (28, 5, 40);
INSERT INTO Fornece (id_comerciante, id_produto, id_fornecedor) VALUES (25, 12, 31);
INSERT INTO Fornece (id_comerciante, id_produto, id_fornecedor) VALUES (26, 13, 32);
INSERT INTO Fornece (id_comerciante, id_produto, id_fornecedor) VALUES (27, 12, 33);
INSERT INTO Fornece (id_comerciante, id_produto, id_fornecedor) VALUES (28, 11, 34);
INSERT INTO Fornece (id_comerciante, id_produto, id_fornecedor) VALUES (25, 11, 35);
INSERT INTO Fornece (id_comerciante, id_produto, id_fornecedor) VALUES (24, 11, 36);
INSERT INTO Fornece (id_comerciante, id_produto, id_fornecedor) VALUES (25, 20, 37);
INSERT INTO Fornece (id_comerciante, id_produto, id_fornecedor) VALUES (26, 4, 38);
INSERT INTO Fornece (id_comerciante, id_produto, id_fornecedor) VALUES (27, 6, 39);

--Compra 

INSERT INTO Compra (id_cliente, id_produto, quantidade, horario) VALUES (14, 1, 5, '04/08/2015');
INSERT INTO Compra (id_cliente, id_produto, quantidade, horario) VALUES (12, 3, 50, '18/02/2015');
INSERT INTO Compra (id_cliente, id_produto, quantidade, horario) VALUES (16, 4, 27, '08/03/2015');
INSERT INTO Compra (id_cliente, id_produto, quantidade, horario) VALUES (15, 4, 18, '14/09/2015');
INSERT INTO Compra (id_cliente, id_produto, quantidade, horario) VALUES (12, 12, 21, '24/10/2015');
INSERT INTO Compra (id_cliente, id_produto, quantidade, horario) VALUES (20, 4, 59, '21/05/2015');
INSERT INTO Compra (id_cliente, id_produto, quantidade, horario) VALUES (12, 10, 20, '30/01/2015');
INSERT INTO Compra (id_cliente, id_produto, quantidade, horario) VALUES (19, 1, 21, '03/02/2015');
INSERT INTO Compra (id_cliente, id_produto, quantidade, horario) VALUES (20, 2, 31, '24/08/2015');
INSERT INTO Compra (id_cliente, id_produto, quantidade, horario) VALUES (19, 3, 64, '26/10/2015');
INSERT INTO Compra (id_cliente, id_produto, quantidade, horario) VALUES (18, 4, 321,'01/05/2015');
INSERT INTO Compra (id_cliente, id_produto, quantidade, horario) VALUES (19, 5, 98, '05/08/2015');
INSERT INTO Compra (id_cliente, id_produto, quantidade, horario) VALUES (15, 6, 32, '23/04/2015');
INSERT INTO Compra (id_cliente, id_produto, quantidade, horario) VALUES (19, 7, 2, '25/07/2015');
INSERT INTO Compra (id_cliente, id_produto, quantidade, horario) VALUES (20, 8, 1, '06/10/2015');
INSERT INTO Compra (id_cliente, id_produto, quantidade, horario) VALUES (12, 9, 53, '08/09/2015');
INSERT INTO Compra (id_cliente, id_produto, quantidade, horario) VALUES (13, 10, 21, '18/05/2015');
INSERT INTO Compra (id_cliente, id_produto, quantidade, horario) VALUES (14, 11, 21, '23/08/2015');
INSERT INTO Compra (id_cliente, id_produto, quantidade, horario) VALUES (16, 12, 53, '07/05/2015');
INSERT INTO Compra (id_cliente, id_produto, quantidade, horario) VALUES (19, 13, 53, '01/04/2015');
INSERT INTO Compra (id_cliente, id_produto, quantidade, horario) VALUES (20, 14, 1, '08/06/2015');
INSERT INTO Compra (id_cliente, id_produto, quantidade, horario) VALUES (18, 15, 53, '20/12/2015');
INSERT INTO Compra (id_cliente, id_produto, quantidade, horario) VALUES (18, 16, 222, '24/11/2015');
INSERT INTO Compra (id_cliente, id_produto, quantidade, horario) VALUES (14, 17, 99, '21/08/2015');
INSERT INTO Compra (id_cliente, id_produto, quantidade, horario) VALUES (15, 18, 77,'22/03/2015');
INSERT INTO Compra (id_cliente, id_produto, quantidade, horario) VALUES (16, 19, 32, '12/02/2015');
INSERT INTO Compra (id_cliente, id_produto, quantidade, horario) VALUES (12, 20, 21, '15/06/2015');
INSERT INTO Compra (id_cliente, id_produto, quantidade, horario) VALUES (13, 20, 24, '08/02/2015');
INSERT INTO Compra (id_cliente, id_produto, quantidade, horario) VALUES (14, 19, 51, '20/11/2015');
INSERT INTO Compra (id_cliente, id_produto, quantidade, horario) VALUES (20, 18, 39, '23/10/2015');
INSERT INTO Compra (id_cliente, id_produto, quantidade, horario) VALUES (19, 17, 12, '28/04/2015');
INSERT INTO Compra (id_cliente, id_produto, quantidade, horario) VALUES (19, 16, 18, '30/12/2015');
INSERT INTO Compra (id_cliente, id_produto, quantidade, horario) VALUES (20, 17, 16, '29/05/2015');
INSERT INTO Compra (id_cliente, id_produto, quantidade, horario) VALUES (18, 18, 23, '06/04/2015');
INSERT INTO Compra (id_cliente, id_produto, quantidade, horario) VALUES (18, 19, 31, '18/02/2015');
INSERT INTO Compra (id_cliente, id_produto, quantidade, horario) VALUES (17, 20, 18, '15/05/2015');
INSERT INTO Compra (id_cliente, id_produto, quantidade, horario) VALUES (20, 20, 23,'14/10/2015');